Data File Name,2100 expert_High Sensitivity DNA Assay_DE13804795_2019-10-10_19-27-39.xad
Data File Path,C:\Program Files (x86)\Agilent\2100 bioanalyzer\2100 expert\data\2019-10-10
Date Created,"Thursday, October 10, 2019 10:27:38 AM"
Date Last Modified,"Thursday, October 10, 2019 11:09:01 AM"
Version Created,B.02.09.SI725
Version Last Modified,B.02.09.SI725
 
Assay Name,High Sensitivity DNA
Assay Path,C:\Program Files (x86)\Agilent\2100 bioanalyzer\2100 expert\assays\dsDNA
Assay Title,High Sensitivity DNA Assay
Assay Version,1.03
 
Number of Samples Run,11
 
Sample Name,Ladder
Number of Events,2121
 
Time,Value
32,-2.304077E-03
32.05,-2.304077E-03
32.1,-2.304077E-03
32.15,-2.304077E-03
32.2,3.992218E-02
32.25,0.1085131
32.3,0.0240219
32.35,-0.1509175
32.4,-0.336507
32.45,-0.3363282
32.5,-0.1903381
32.55,3.512521E-02
32.6,0.3197446
32.65,0.4222839
32.7,0.3281434
32.75,5.756793E-02
32.8,-7.376869E-02
32.85,-0.1761241
32.9,-0.117955
32.95,3.167663E-02
33,0.2102591
33.05,0.2426093
33.1,0.1178667
33.15,8.776486E-02
33.2,2.707564E-02
33.25,-4.381783E-02
33.3,-1.567596E-02
33.35,-1.194848E-02
33.4,-6.601899E-02
33.45,3.057102E-02
33.5,0.1714587
33.55,3.272341E-02
33.6,-6.677359E-02
33.65,4.376575E-02
33.7,5.228108E-02
33.75,0.1071051
33.8,-2.268033E-02
33.85,-0.107043
33.9,-0.2610692
33.95,-0.2815266
34,-0.1677414
34.05,-0.140934
34.1,-0.1627434
34.15,-0.2736217
34.2,-0.1500711
34.25,-0.1080933
34.3,0.0465774
34.35,0.2843326
34.4,0.2824079
34.45,0.1317277
34.5,-0.111923
34.55,-0.1828921
34.6,-0.2525235
34.65,-0.3065839
34.7,-0.2205721
34.75,-4.235669E-02
34.8,0.1522942
34.85,0.297143
34.9,0.3489544
34.95,6.984836E-02
35,-0.2275424
35.05,-0.2124846
35.1,-6.205193E-02
35.15,9.059794E-02
35.2,0.2381808
35.25,0.2736724
35.3,8.361984E-02
35.35,-0.1520913
35.4,-0.1748663
35.45,-1.976583E-02
35.5,7.654209E-02
35.55,0.2171204
35.6,0.2729455
35.65,0.1153677
35.7,-7.922709E-02
35.75,-0.1226624
35.8,-0.157529
35.85,-0.12021
35.9,5.989443E-02
35.95,0.1848319
36,0.2073639
36.05,0.1236109
36.1,6.958781E-02
36.15,-0.110199
36.2,-0.1173972
36.25,3.416276E-02
36.3,0.1754005
36.35,0.2369584
36.4,9.469436E-02
36.45,9.271563E-02
36.5,-1.623841E-02
36.55,-1.838496E-02
36.6,6.842569E-02
36.65,0.1638799
36.7,0.1698266
36.75,9.382469E-02
36.8,0.1820578
36.85,6.228685E-02
36.9,5.940539E-02
36.95,0.135458
37,0.2394931
37.05,0.2756938
37.1,0.1606755
37.15,0.201412
37.2,0.143421
37.25,2.815017E-02
37.3,-1.840245E-03
37.35,8.523444E-02
37.4,0.1413143
37.45,7.664919E-02
37.5,0.2213319
37.55,0.1956221
37.6,7.663876E-02
37.65,0.1927521
37.7,0.3109505
37.75,0.4271408
37.8,0.4766878
37.85,0.5955599
37.9,0.3996958
37.95,3.326553E-02
38,-0.1601329
38.05,-0.1093664
38.1,7.326775E-02
38.15,0.1662045
38.2,0.3256105
38.25,0.2359156
38.3,2.300512E-02
38.35,-3.902233E-02
38.4,2.137688E-02
38.45,7.346831E-02
38.5,0.1640134
38.55,0.358405
38.6,0.3661863
38.65,0.3203011
38.7,0.2119832
38.75,0.2279663
38.8,0.1652358
38.85,7.013965E-02
38.9,0.1193927
38.95,8.996303E-02
39,-2.625745E-02
39.05,0.0415979
39.1,0.1644833
39.15,0.1398953
39.2,8.997296E-02
39.25,0.1740329
39.3,8.803606E-02
39.35,-4.603488E-02
39.4,-0.1619531
39.45,-0.2629763
39.5,-0.2514303
39.55,-0.1010468
39.6,0.1562231
39.65,0.2436511
39.7,0.1024036
39.75,-5.413259E-02
39.8,-0.1218361
39.85,-0.1108498
39.9,-0.1142505
39.95,3.310534E-02
40,3.922516E-02
40.05,-6.866049E-02
40.1,-7.388926E-02
40.15,-7.181727E-02
40.2,-0.1039849
40.25,-4.929081E-02
40.3,-1.898708E-02
40.35,-2.885414E-02
40.4,0.0384417
40.45,0.2212896
40.5,0.2345038
40.55,9.319824E-02
40.6,-0.1518725
40.65,-0.2883443
40.7,-0.2944323
40.75,-0.1574331
40.8,2.101229E-02
40.85,7.505179E-02
40.9,-4.845559E-02
40.95,-0.231602
41,-0.2166011
41.05,-0.2288295
41.1,-0.1481472
41.15,0.0547417
41.2,5.090692E-02
41.25,3.611471E-02
41.3,1.358104E-03
41.35,4.621963E-02
41.4,-1.514738E-02
41.45,9.464462E-03
41.5,0.1208642
41.55,0.1815347
41.6,0.1732609
41.65,2.957812E-02
41.7,1.828356E-02
41.75,-6.007194E-02
41.8,1.811111E-02
41.85,0.2051511
41.9,0.2656406
41.95,0.1372179
42,-9.292174E-02
42.05,-0.1871908
42.1,-0.2281677
42.15,-9.789772E-02
42.2,8.815123E-02
42.25,0.2394788
42.3,0.2578028
42.35,4.650948E-02
42.4,0.0571229
42.45,-9.231542E-02
42.5,-9.917054E-02
42.55,0.3307036
42.6,1.297982
42.65,3.332326
42.7,7.255337
42.75,14.12349
42.8,24.08613
42.85,36.80652
42.9,50.4324
42.95,61.99084
43,68.57979
43.05,67.52528
43.1,59.97708
43.15,47.74666
43.2,34.01823
43.25,21.56581
43.3,12.03574
43.35,5.867525
43.4,2.698402
43.45,1.312875
43.5,0.727056
43.55,0.4557457
43.6,0.3865526
43.65,0.3042398
43.7,0.2163385
43.75,0.1075262
43.8,0.1790977
43.85,0.1430895
43.9,0.2273166
43.95,0.4009165
44,0.3565966
44.05,0.3446087
44.1,0.2885872
44.15,0.3266214
44.2,0.1654271
44.25,-0.1291639
44.3,-0.2691228
44.35,-0.2043311
44.4,3.495856E-02
44.45,0.2397123
44.5,0.3293246
44.55,0.1030308
44.6,-7.148461E-02
44.65,0.1210673
44.7,0.3386705
44.75,0.4712601
44.8,0.4503379
44.85,0.53466
44.9,0.8168108
44.95,1.958403
45,5.107219
45.05,11.41786
45.1,22.71849
45.15,39.29602
45.2,59.68069
45.25,80.10172
45.3,96.08509
45.35,103.0766
45.4,98.58074
45.45,83.03247
45.5,62.21191
45.55,41.383
45.6,24.4159
45.65,12.8628
45.7,6.358096
45.75,3.214784
45.8,1.851433
45.85,1.306645
45.9,1.134297
45.95,0.9374293
46,0.7972158
46.05,0.9211172
46.1,0.7763288
46.15,0.5512863
46.2,0.3874086
46.25,0.3477082
46.3,0.3591441
46.35,0.379694
46.4,0.4687801
46.45,0.2329493
46.5,0.2081207
46.55,0.1374833
46.6,0.1931597
46.65,0.161413
46.7,8.295449E-02
46.75,0.2692669
46.8,0.1705762
46.85,-5.763264E-02
46.9,-0.2595772
46.95,-0.1985835
47,-0.1997548
47.05,-0.1262883
47.1,0.1144068
47.15,5.136131E-02
47.2,-2.303093E-02
47.25,-6.971651E-02
47.3,-0.1133705
47.35,-0.2153723
47.4,-9.164441E-02
47.45,0.1804538
47.5,0.1510333
47.55,3.858535E-02
47.6,-6.210806E-02
47.65,-0.172296
47.7,-0.323785
47.75,-0.3720768
47.8,-0.1975956
47.85,-0.1697827
47.9,-0.2092762
47.95,-0.3383803
48,-0.3725995
48.05,-0.3041382
48.1,-0.1934314
48.15,0.1161444
48.2,2.328975E-02
48.25,-3.887939E-03
48.3,-0.0489168
48.35,-4.020985E-02
48.4,-0.113525
48.45,-0.2548156
48.5,-0.2502825
48.55,-0.1998931
48.6,-0.1565531
48.65,-0.1855553
48.7,-0.1918422
48.75,-0.3597248
48.8,-0.4011711
48.85,-0.1643301
48.9,-8.864108E-02
48.95,-0.1313093
49,-0.1724308
49.05,-0.3397905
49.1,-0.4588791
49.15,-0.3417579
49.2,-0.1311776
49.25,2.089472E-03
49.3,0.1041921
49.35,7.749237E-02
49.4,-6.247119E-02
49.45,-0.2553869
49.5,-0.499502
49.55,-0.4608241
49.6,-0.3097461
49.65,-0.137319
49.7,-6.102752E-02
49.75,-3.652193E-02
49.8,-0.1366663
49.85,-0.3532436
49.9,-0.2862418
49.95,-0.2656677
50,-0.1458246
50.05,7.387999E-02
50.1,0.1915168
50.15,-8.085944E-02
50.2,-0.2594329
50.25,-0.1758034
50.3,-0.2001222
50.35,-0.1224124
50.4,-6.700124E-02
50.45,-0.1796768
50.5,-0.3241469
50.55,-0.3102721
50.6,0.436078
50.65,2.659418
50.7,8.329385
50.75,19.46879
50.8,37.5692
50.85,62.56907
50.9,90.65759
50.95,114.3996
51,126.6748
51.05,124.1635
51.1,107.5355
51.15,81.9894
51.2,54.758
51.25,31.62102
51.3,16.52169
51.35,8.227257
51.4,4.497729
51.45,3.053631
51.5,2.420008
51.55,1.85008
51.6,1.383378
51.65,1.295108
51.7,1.125048
51.75,1.042719
51.8,0.9401608
51.85,0.6941564
51.9,0.3812499
51.95,0.134888
52,0.1351287
52.05,0.1166574
52.1,2.474669E-02
52.15,2.612848E-03
52.2,-4.644893E-02
52.25,-0.0977838
52.3,-7.285708E-02
52.35,9.642849E-02
52.4,-8.812995E-02
52.45,-0.3188103
52.5,-0.3527768
52.55,-0.3383836
52.6,-8.226991E-02
52.65,4.620546E-03
52.7,8.538069E-02
52.75,-0.1573729
52.8,-0.3820454
52.85,-0.451546
52.9,-0.3291796
52.95,-0.2109861
53,-6.987713E-02
53.05,9.606917E-02
53.1,-3.469518E-02
53.15,-0.2677718
53.2,-0.3453176
53.25,-0.4076861
53.3,-0.4525793
53.35,-0.3877407
53.4,-0.3050927
53.45,-0.2585121
53.5,-0.2542188
53.55,-0.1944216
53.6,-0.2392044
53.65,-0.3462076
53.7,-0.4921078
53.75,-0.364768
53.8,-0.2871049
53.85,-0.3453884
53.9,-0.2240079
53.95,-0.2268834
54,-0.2590703
54.05,-0.3214917
54.1,-0.2424669
54.15,-0.315571
54.2,-0.4403967
54.25,-0.3602929
54.3,-0.3746493
54.35,-0.2402714
54.4,-0.1124677
54.45,3.594857E-02
54.5,2.176418E-02
54.55,-0.1533178
54.6,-0.2113674
54.65,-0.3618387
54.7,-0.3550004
54.75,-0.2412886
54.8,-0.0712653
54.85,6.176041E-02
54.9,-7.802568E-02
54.95,-0.1587946
55,-0.3506736
55.05,-0.4524465
55.1,-0.4366697
55.15,-0.253634
55.2,-0.1007058
55.25,-0.1040477
55.3,4.132053E-02
55.35,0.1285813
55.4,1.243973
55.45,4.782279
55.5,13.01191
55.55,29.03704
55.6,53.5444
55.65,84.76817
55.7,117.2377
55.75,142.3
55.8,152.9712
55.85,145.9863
55.9,123.9585
55.95,92.61525
56,60.77482
56.05,34.8001
56.1,18.55104
56.15,9.644812
56.2,5.590005
56.25,3.839417
56.3,2.856311
56.35,2.309128
56.4,1.758696
56.45,1.351114
56.5,0.9760554
56.55,0.8942452
56.6,0.8484398
56.65,0.7928072
56.7,0.7456311
56.75,0.472915
56.8,0.1841051
56.85,5.922342E-02
56.9,0.1380565
56.95,0.2511583
57,0.3659286
57.05,0.4816757
57.1,0.3367122
57.15,6.761367E-02
57.2,1.555324E-02
57.25,7.334703E-02
57.3,0.1791148
57.35,0.1620909
57.4,0.1185807
57.45,3.492834E-02
57.5,-8.527032E-02
57.55,-0.1368744
57.6,-0.1253671
57.65,-0.1752876
57.7,-0.195559
57.75,-3.649059E-02
57.8,2.763934E-02
57.85,8.179952E-02
57.9,0.1200046
57.95,7.927564E-02
58,-7.680107E-02
58.05,-0.1734849
58.1,-0.1366308
58.15,-1.058646E-03
58.2,0.1084599
58.25,0.1375542
58.3,0.153402
58.35,-6.311945E-02
58.4,-0.315056
58.45,-0.2799865
58.5,-0.1565975
58.55,-5.916154E-02
58.6,0.1178852
58.65,9.842873E-02
58.7,-1.379121E-02
58.75,-9.258185E-02
58.8,1.453267E-02
58.85,3.654617E-02
58.9,9.303679E-02
58.95,0.141674
59,0.0828241
59.05,-7.603749E-02
59.1,-0.3227589
59.15,-0.2889925
59.2,-0.20109
59.25,-0.134046
59.3,-2.79431E-03
59.35,1.482218E-02
59.4,-0.1933179
59.45,-0.431314
59.5,-0.4653744
59.55,-0.3659137
59.6,-0.1105295
59.65,0.1010121
59.7,0.1735687
59.75,-3.696531E-02
59.8,-0.3477813
59.85,-0.3599046
59.9,-0.3070286
59.95,-0.1945927
60,4.511218E-02
60.05,0.3651011
60.1,0.9833155
60.15,3.740204
60.2,11.71946
60.25,27.82527
60.3,53.67194
60.35,86.76264
60.4,122.4102
60.45,153.3619
60.5,172.3211
60.55,172.5597
60.6,156.687
60.65,128.2866
60.7,94.07256
60.75,61.67492
60.8,36.12743
60.85,19.17039
60.9,10.86021
60.95,6.911889
61,4.928248
61.05,3.852022
61.1,3.325346
61.15,2.808674
61.2,2.207631
61.25,1.805703
61.3,1.360458
61.35,1.264487
61.4,1.31986
61.45,1.30405
61.5,1.097812
61.55,0.87156
61.6,0.7520242
61.65,0.5020954
61.7,0.2937343
61.75,0.2727584
61.8,0.3498369
61.85,0.4705182
61.9,0.5368567
61.95,0.5674134
62,0.4694184
62.05,0.2280151
62.1,0.1438062
62.15,0.1084868
62.2,0.1420809
62.25,0.2507268
62.3,0.4088378
62.35,0.226967
62.4,-8.226479E-02
62.45,-0.1836461
62.5,-0.1141585
62.55,2.005884E-02
62.6,0.1236739
62.65,0.2619421
62.7,9.337444E-02
62.75,-0.1052927
62.8,-1.617179E-02
62.85,8.582661E-02
62.9,7.323374E-02
62.95,8.296439E-02
63,0.118419
63.05,-4.333045E-02
63.1,-1.101858E-02
63.15,8.113036E-02
63.2,0.177929
63.25,0.1698193
63.3,0.1490436
63.35,0.1214237
63.4,4.837354E-02
63.45,-0.1400024
63.5,-0.2127212
63.55,-0.1264019
63.6,-0.1147314
63.65,-7.272616E-02
63.7,1.364129E-02
63.75,-1.392794E-02
63.8,-0.1538474
63.85,-7.048006E-02
63.9,-0.1086761
63.95,-8.599784E-03
64,0.0423349
64.05,0.1880847
64.1,0.2311543
64.15,0.2247367
64.2,0.3098243
64.25,9.406663E-02
64.3,-2.004044E-02
64.35,-0.1371862
64.4,-2.98495E-03
64.45,0.1770763
64.5,0.2392661
64.55,0.1951031
64.6,-2.115674E-02
64.65,-0.2272328
64.7,-0.3333623
64.75,-0.2630631
64.8,-0.1405171
64.85,-0.1178469
64.9,4.963745E-02
64.95,0.1341712
65,-9.502384E-04
65.05,1.272423E-02
65.1,0.1629717
65.15,0.2607675
65.2,0.1804199
65.25,0.2386541
65.3,9.687545E-02
65.35,-0.1536086
65.4,-8.958039E-02
65.45,4.589842E-02
65.5,-2.852217E-03
65.55,4.83953E-03
65.6,0.2187463
65.65,0.1072936
65.7,0.2036085
65.75,0.2552857
65.8,0.1888287
65.85,0.1056312
65.9,0.1237676
65.95,0.3120176
66,0.2923198
66.05,0.2697642
66.1,2.727097E-02
66.15,-1.548635E-02
66.2,-2.848192E-03
66.25,0.1086138
66.3,0.3246087
66.35,0.293204
66.4,0.1808362
66.45,1.804491E-02
66.5,4.682981E-02
66.55,0.125964
66.6,0.2082452
66.65,0.3644879
66.7,0.2789626
66.75,0.0458931
66.8,-0.1604338
66.85,-6.675077E-02
66.9,7.080326E-03
66.95,0.1419567
67,0.4525729
67.05,0.3949471
67.1,0.2020391
67.15,-0.051664
67.2,-0.1302278
67.25,-0.2129455
67.3,-0.151045
67.35,4.289782E-02
67.4,0.1728467
67.45,0.3172539
67.5,0.3055817
67.55,0.2992133
67.6,3.384994E-02
67.65,-0.165409
67.7,-9.780591E-02
67.75,5.933597E-02
67.8,6.878556E-02
67.85,0.012143
67.9,1.866068E-02
67.95,-0.1382083
68,-0.2436956
68.05,-8.682591E-02
68.1,-5.667602E-02
68.15,-5.973603E-03
68.2,6.467023E-02
68.25,9.553652E-02
68.3,-3.335708E-02
68.35,4.889889E-02
68.4,0.2609959
68.45,0.3683843
68.5,0.2874581
68.55,0.1543077
68.6,1.547564E-02
68.65,-0.1825626
68.7,-0.3404709
68.75,-0.2922001
68.8,-0.1851483
68.85,-5.972235E-02
68.9,0.1708439
68.95,0.2213307
69,4.479871E-02
69.05,-0.232272
69.1,-0.2331243
69.15,-0.1935738
69.2,0.1126681
69.25,0.6027222
69.3,1.917848
69.35,5.567147
69.4,14.16812
69.45,30.71684
69.5,56.43734
69.55,90.36191
69.6,127.3723
69.65,162.7023
69.7,190.2098
69.75,204.7749
69.8,203.1438
69.85,187.4799
69.9,160.3435
69.95,126.2182
70,91.43496
70.05,60.41885
70.1,36.99847
70.15,22.81224
70.2,15.00561
70.25,10.8868
70.3,8.530382
70.35,6.946978
70.4,5.83476
70.45,4.798497
70.5,4.217803
70.55,3.652454
70.6,3.061525
70.65,2.555415
70.7,2.277205
70.75,2.121362
70.8,1.716933
70.85,1.585204
70.9,1.234797
70.95,1.116109
71,1.213504
71.05,1.301306
71.1,1.173386
71.15,1.01425
71.2,1.054403
71.25,0.817781
71.3,0.6784143
71.35,0.6031904
71.4,0.535257
71.45,0.5912957
71.5,0.6765937
71.55,0.6558439
71.6,0.5418094
71.65,0.3653502
71.7,0.2777252
71.75,0.3050286
71.8,0.5124661
71.85,0.4766555
71.9,0.4557165
71.95,0.3059478
72,0.1130842
72.05,1.776341E-02
72.1,0.1171847
72.15,0.2007559
72.2,0.1100399
72.25,0.1662418
72.3,1.399907E-02
72.35,-0.2036569
72.4,-0.2281025
72.45,-0.1596659
72.5,-0.2144379
72.55,-4.944068E-02
72.6,0.1472861
72.65,0.1034708
72.7,7.555464E-02
72.75,2.435913E-02
72.8,-7.467334E-02
72.85,-0.1118835
72.9,-0.0848984
72.95,-1.921503E-03
73,0.1068104
73.05,-1.324607E-03
73.1,-0.1201731
73.15,-0.2371889
73.2,-0.2296833
73.25,-0.1871731
73.3,-9.501397E-04
73.35,-6.294975E-02
73.4,-0.2616856
73.45,-0.3127842
73.5,-0.3581626
73.55,-0.2047165
73.6,8.013377E-03
73.65,0.1853644
73.7,0.2334441
73.75,5.659859E-02
73.8,-0.1471933
73.85,-0.2445833
73.9,-0.3431272
73.95,-0.2367938
74,-8.941602E-02
74.05,-5.042874E-02
74.1,-0.211226
74.15,-0.2236324
74.2,-0.2472003
74.25,-0.3037115
74.3,-0.2370773
74.35,-0.1685786
74.4,-0.1359845
74.45,-0.1391673
74.5,-9.943847E-02
74.55,-0.1833348
74.6,-0.4008446
74.65,-0.4864626
74.7,-0.3529034
74.75,-0.1699722
74.8,-5.636518E-02
74.85,-2.432203E-02
74.9,-0.1645449
74.95,-0.4838153
75,-0.5996109
75.05,-0.4982327
75.1,-0.3262372
75.15,-0.2958913
75.2,-0.2199188
75.25,-0.3312504
75.3,-0.3437955
75.35,-0.1552221
75.4,-6.201073E-03
75.45,-3.919014E-02
75.5,-0.1991796
75.55,-0.1314043
75.6,-0.2412682
75.65,-0.3113307
75.7,-0.4151697
75.75,-0.3923075
75.8,-0.4460258
75.85,-0.3463793
75.9,-0.1508739
75.95,-0.2233239
76,-0.3464046
76.05,-0.4441145
76.1,-0.4337233
76.15,-0.3419237
76.2,-0.1221971
76.25,0.0519043
76.3,-0.1054319
76.35,-0.397542
76.4,-0.6132013
76.45,-0.5986658
76.5,-0.5526066
76.55,-0.4307344
76.6,-0.3239411
76.65,-0.3846857
76.7,-0.4470464
76.75,-0.3664533
76.8,-0.2738493
76.85,-0.380243
76.9,-0.4371917
76.95,-0.3821743
77,-0.274787
77.05,-4.930278E-02
77.1,0.3648638
77.15,1.545758
77.2,4.011881
77.25,9.469229
77.3,20.15514
77.35,38.29053
77.4,64.43921
77.45,96.84852
77.5,132.5871
77.55,167.2689
77.6,195.8959
77.65,215.309
77.7,221.5409
77.75,214.945
77.8,198.3233
77.85,173.1849
77.9,142.0904
77.95,108.9419
78,78.58806
78.05,53.87086
78.1,36.12383
78.15,24.99224
78.2,17.88801
78.25,13.10973
78.3,9.958973
78.35,8.030498
78.4,6.691829
78.45,5.766554
78.5,5.295299
78.55,4.810041
78.6,4.155149
78.65,3.443856
78.7,2.959984
78.75,2.399115
78.8,2.132656
78.85,2.108552
78.9,2.021347
78.95,1.681212
79,1.122407
79.05,0.7592281
79.1,0.6524441
79.15,0.7333305
79.2,0.8044255
79.25,0.8051164
79.3,0.6540605
79.35,0.5130662
79.4,0.6310676
79.45,0.7161161
79.5,0.7199383
79.55,0.731671
79.6,0.687716
79.65,0.669174
79.7,0.4679161
79.75,0.3922867
79.8,0.2193427
79.85,0.2205313
79.9,0.2716712
79.95,0.3849916
80,0.4496184
80.05,0.1843031
80.1,0.2002055
80.15,8.059298E-02
80.2,0.1369857
80.25,0.2456871
80.3,0.3678738
80.35,0.276698
80.4,3.645271E-03
80.45,0.1096841
80.5,0.1511495
80.55,0.3243623
80.6,0.450307
80.65,0.3937326
80.7,0.2970774
80.75,8.413485E-02
80.8,0.1379582
80.85,3.258435E-02
80.9,-7.372848E-02
80.95,-2.153167E-02
81,3.602766E-02
81.05,0.1498018
81.1,6.464994E-02
81.15,0.1135217
81.2,-5.193219E-02
81.25,-0.1827189
81.3,-0.1898171
81.35,-0.1701953
81.4,-6.040446E-02
81.45,-7.449245E-02
81.5,6.540222E-02
81.55,-0.0695938
81.6,-0.2319167
81.65,-0.3225333
81.7,-0.3234401
81.75,-0.2300871
81.8,-0.1794201
81.85,-4.232988E-02
81.9,-0.2587952
81.95,-0.504837
82,-0.6544648
82.05,-0.5413654
82.1,-0.2969589
82.15,-0.1431699
82.2,-6.935114E-02
82.25,-0.2833012
82.3,-0.3385807
82.35,-0.2634138
82.4,-0.2142394
82.45,-0.1864734
82.5,-0.198422
82.55,-0.1319789
82.6,-0.193805
82.65,-0.353174
82.7,-0.3865328
82.75,0.1508342
82.8,1.638283
82.85,4.962549
82.9,12.08615
82.95,24.19143
83,42.18082
83.05,67.49751
83.1,98.89356
83.15,132.8234
83.2,166.7199
83.25,196.7386
83.3,219.1577
83.35,232.3436
83.4,235.8004
83.45,228.2526
83.5,209.9406
83.55,183.8639
83.6,153.158
83.65,121.6281
83.7,92.66582
83.75,69.13574
83.8,50.4127
83.85,36.93882
83.9,27.55163
83.95,20.90493
84,16.37868
84.05,13.48408
84.1,11.34509
84.15,9.727037
84.2,8.578485
84.25,7.574361
84.3,7.180566
84.35,6.85137
84.4,6.393649
84.45,6.011989
84.5,5.415606
84.55,4.634662
84.6,3.976185
84.65,3.637895
84.7,3.173856
84.75,2.818271
84.8,2.840414
84.85,2.684055
84.9,2.784662
84.95,2.671474
85,2.509802
85.05,2.15325
85.1,2.012534
85.15,2.055795
85.2,1.867513
85.25,1.590684
85.3,1.212895
85.35,1.119256
85.4,1.049652
85.45,1.167117
85.5,1.314005
85.55,1.260479
85.6,0.8571717
85.65,0.558457
85.7,0.4624414
85.75,0.47952
85.8,0.6006137
85.85,0.6941803
85.9,0.4464798
85.95,0.2320805
86,0.1491793
86.05,0.1244206
86.1,-2.120385E-02
86.15,-0.2330796
86.2,-0.3158321
86.25,-0.4188873
86.3,-0.4335086
86.35,-0.4259002
86.4,-0.3280666
86.45,-0.3210606
86.5,-0.2274829
86.55,-0.1079393
86.6,-0.1242696
86.65,-0.1266601
86.7,-0.1666023
86.75,-0.2058258
86.8,-0.2416144
86.85,-0.279406
86.9,-0.2323239
86.95,-0.2068202
87,-0.2858561
87.05,-0.4042402
87.1,-0.3848976
87.15,-0.4688005
87.2,-0.6663538
87.25,-0.596292
87.3,-0.5399681
87.35,-0.5328594
87.4,-0.6400051
87.45,-0.5973017
87.5,-0.3227499
87.55,0.5845682
87.6,2.490191
87.65,6.199058
87.7,12.683
87.75,23.48434
87.8,39.49537
87.85,61.32444
87.9,89.22552
87.95,122.3069
88,157.0332
88.05,189.5972
88.1,216.3953
88.15,235.5555
88.2,246.3385
88.25,248.7732
88.3,242.8749
88.35,226.076
88.4,202.451
88.45,174.3119
88.5,144.5378
88.55,115.7402
88.6,90.24817
88.65,68.44703
88.7,50.71593
88.75,37.93727
88.8,28.79058
88.85,22.27821
88.9,17.80652
88.95,14.07437
89,11.27425
89.05,9.206739
89.1,7.475537
89.15,6.321405
89.2,5.175617
89.25,4.296981
89.3,3.73594
89.35,3.478117
89.4,2.978169
89.45,2.433485
89.5,1.972031
89.55,1.461419
89.6,1.101923
89.65,0.6825208
89.7,0.5748572
89.75,0.5371916
89.8,0.5838986
89.85,0.6076047
89.9,0.675083
89.95,0.5064365
90,0.2948727
90.05,0.3279108
90.1,0.1378296
90.15,2.183237E-02
90.2,8.650506E-02
90.25,0.233902
90.3,0.2276956
90.35,0.1071418
90.4,0.1119
90.45,-7.954101E-02
90.5,2.412547E-02
90.55,0.3467982
90.6,1.026986
90.65,2.323885
90.7,5.417545
90.75,11.78172
90.8,21.24487
90.85,35.33118
90.9,54.59856
90.95,78.46325
91,107.8221
91.05,141.357
91.1,173.592
91.15,202.2463
91.2,226.1737
91.25,242.4047
91.3,248.9681
91.35,248.1283
91.4,237.7997
91.45,219.2793
91.5,196.6087
91.55,171.2718
91.6,144.3573
91.65,117.6267
91.7,93.46696
91.75,71.25283
91.8,53.31454
91.85,39.75351
91.9,30.4383
91.95,24.07098
92,19.69221
92.05,16.57147
92.1,13.94533
92.15,12.18688
92.2,10.47619
92.25,8.774103
92.3,7.183641
92.35,5.924147
92.4,5.062239
92.45,4.572718
92.5,4.315415
92.55,3.796554
92.6,3.298561
92.65,2.869166
92.7,2.619095
92.75,2.516137
92.8,2.448068
92.85,2.407375
92.9,2.097891
92.95,1.746449
93,1.542732
93.05,1.523183
93.1,1.466836
93.15,1.414128
93.2,1.455183
93.25,1.352791
93.3,1.163766
93.35,1.005037
93.4,0.8800451
93.45,0.6940039
93.5,0.9233882
93.55,1.006651
93.6,0.8591315
93.65,0.6767784
93.7,0.4580665
93.75,0.3503403
93.8,0.3734539
93.85,0.5167695
93.9,0.5837586
93.95,0.5971313
94,0.2944464
94.05,-5.425246E-02
94.1,-6.103558E-02
94.15,-7.198021E-02
94.2,6.524424E-02
94.25,0.3280224
94.3,0.4148536
94.35,0.1600812
94.4,0.116621
94.45,-2.303856E-02
94.5,4.703117E-02
94.55,0.2336372
94.6,0.6025456
94.65,1.249622
94.7,2.217639
94.75,4.281333
94.8,7.788507
94.85,14.15287
94.9,23.84969
94.95,37.68613
95,56.31836
95.05,79.57519
95.1,107.3272
95.15,137.3738
95.2,168.6034
95.25,197.4202
95.3,222.6684
95.35,242.5974
95.4,256.4832
95.45,262.1284
95.5,259.5045
95.55,251.5437
95.6,235.9319
95.65,215.4126
95.7,191.8671
95.75,166.9649
95.8,142.486
95.85,119.9434
95.9,98.55029
95.95,78.59653
96,62.96007
96.05,50.7094
96.1,41.39515
96.15,34.32096
96.2,27.5085
96.25,21.91927
96.3,18.03748
96.35,15.4003
96.4,13.26109
96.45,11.53493
96.5,10.3159
96.55,8.801932
96.6,7.362871
96.65,6.294801
96.7,5.726446
96.75,5.286497
96.8,5.019867
96.85,4.817779
96.9,4.257475
96.95,3.71995
97,3.259239
97.05,3.026161
97.1,2.971344
97.15,3.09405
97.2,3.366332
97.25,3.106431
97.3,2.504419
97.35,1.995266
97.4,1.782549
97.45,1.717047
97.5,1.80639
97.55,2.041928
97.6,1.865838
97.65,1.598787
97.7,1.339897
97.75,1.152887
97.8,1.048586
97.85,1.223076
97.9,1.306367
97.95,1.201621
98,1.230911
98.05,1.423598
98.1,1.5532
98.15,1.597513
98.2,1.481477
98.25,1.366921
98.3,1.260353
98.35,1.205531
98.4,1.101599
98.45,1.065777
98.5,1.051372
98.55,1.044651
98.6,1.202109
98.65,1.327199
98.7,1.338082
98.75,1.25325
98.8,1.12318
98.85,0.8978418
98.9,0.7721184
98.95,0.7302496
99,0.7661896
99.05,0.795925
99.1,1.010646
99.15,1.189317
99.2,1.250462
99.25,1.091638
99.3,1.091061
99.35,0.9805095
99.4,0.9285877
99.45,0.9048445
99.5,0.7864679
99.55,0.4995504
99.6,0.144937
99.65,0.2767675
99.7,0.6947693
99.75,1.170803
99.8,1.40414
99.85,1.267796
99.9,0.8890858
99.95,0.4178341
100,0.5698489
100.05,0.7127138
100.1,0.8966448
100.15,1.143932
100.2,1.060714
100.25,0.820491
100.3,0.5199704
100.35,0.5582482
100.4,0.5006396
100.45,0.8016716
100.5,1.07217
100.55,1.206929
100.6,1.939599
100.65,2.76942
100.7,5.033479
100.75,9.022934
100.8,16.18868
100.85,26.12007
100.9,39.45761
100.95,57.60911
101,82.67887
101.05,113.8767
101.1,149.1183
101.15,187.102
101.2,223.6558
101.25,257.7788
101.3,285.7641
101.35,304.1609
101.4,314.6135
101.45,319.9671
101.5,316.0849
101.55,304.58
101.6,286.2933
101.65,262.901
101.7,236.1298
101.75,207.3835
101.8,177.7397
101.85,148.8795
101.9,123.2181
101.95,101.1258
102,81.85381
102.05,64.57731
102.1,50.80384
102.15,40.82878
102.2,33.02036
102.25,27.23286
102.3,22.43692
102.35,18.89227
102.4,15.59001
102.45,13.48143
102.5,11.51981
102.55,9.817389
102.6,8.877501
102.65,8.0229
102.7,7.346654
102.75,6.392236
102.8,6.037689
102.85,5.540142
102.9,5.212113
102.95,5.028221
103,4.757889
103.05,4.786885
103.1,4.823745
103.15,4.763805
103.2,4.514785
103.25,3.994054
103.3,3.375916
103.35,3.085252
103.4,3.101414
103.45,3.246406
103.5,3.529921
103.55,3.961575
103.6,4.445136
103.65,5.059599
103.7,6.963312
103.75,11.22504
103.8,18.57309
103.85,29.17094
103.9,43.12268
103.95,61.50117
104,84.34369
104.05,109.5309
104.1,140.9293
104.15,176.2893
104.2,211.1752
104.25,245.328
104.3,276.2177
104.35,296.2379
104.4,310.3148
104.45,321.0724
104.5,322.3473
104.55,317.1093
104.6,304.9303
104.65,285.7025
104.7,259.7699
104.75,234.1
104.8,205.0413
104.85,175.8162
104.9,148.9126
104.95,124.2311
105,101.363
105.05,82.01151
105.1,67.52734
105.15,55.8831
105.2,45.71894
105.25,37.00215
105.3,30.21537
105.35,25.20041
105.4,22.56951
105.45,19.98899
105.5,16.97366
105.55,14.28668
105.6,12.51211
105.65,11.41499
105.7,10.2309
105.75,9.649446
105.8,8.666821
105.85,8.02577
105.9,7.981717
105.95,8.185574
106,8.320953
106.05,8.637096
106.1,8.766487
106.15,7.671919
106.2,6.966982
106.25,6.390606
106.3,5.977866
106.35,5.998824
106.4,6.486614
106.45,7.021231
106.5,6.820277
106.55,6.58482
106.6,6.533099
106.65,6.327385
106.7,5.981786
106.75,5.591011
106.8,4.961564
106.85,4.349919
106.9,3.892304
106.95,3.972692
107,4.352222
107.05,4.789091
107.1,5.220356
107.15,5.454712
107.2,5.069304
107.25,3.995935
107.3,3.283966
107.35,2.987553
107.4,2.962857
107.45,3.328735
107.5,3.820884
107.55,4.115971
107.6,4.164369
107.65,4.340701
107.7,4.148434
107.75,3.877719
107.8,3.687954
107.85,4.002275
107.9,4.040368
107.95,4.100468
108,3.968651
108.05,3.992793
108.1,3.886926
108.15,3.603132
108.2,3.855739
108.25,3.604219
108.3,3.538288
108.35,3.292748
108.4,3.242932
108.45,3.339388
108.5,3.576806
108.55,3.87037
108.6,4.941102
108.65,7.187212
108.7,10.41856
108.75,14.8444
108.8,19.51905
108.85,25.18797
108.9,34.11372
108.95,47.096
109,64.43444
109.05,87.15675
109.1,109.1224
109.15,131.0009
109.2,153.5992
109.25,176.1156
109.3,199.0434
109.35,222.1784
109.4,241.6623
109.45,250.2932
109.5,253.1661
109.55,254.6345
109.6,258.1011
109.65,261.7049
109.7,259.5928
109.75,248.0657
109.8,228.4699
109.85,206.5969
109.9,188.2265
109.95,174.3794
110,157.6537
110.05,136.7408
110.1,115.7107
110.15,97.69949
110.2,84.56745
110.25,75.77071
110.3,64.29945
110.35,52.70691
110.4,43.71365
110.45,38.69318
110.5,36.02249
110.55,33.66547
110.6,28.9877
110.65,24.68669
110.7,22.68662
110.75,21.30168
110.8,19.82199
110.85,17.90561
110.9,15.82948
110.95,13.06344
111,11.90974
111.05,11.67094
111.1,11.6609
111.15,11.4988
111.2,11.44943
111.25,10.34167
111.3,8.628476
111.35,7.251276
111.4,6.211554
111.45,5.241867
111.5,5.25142
111.55,5.144972
111.6,4.878294
111.65,5.309069
111.7,5.196216
111.75,5.271393
111.8,5.87493
111.85,6.351926
111.9,6.185113
111.95,5.746424
112,5.731746
112.05,6.772264
112.1,8.954553
112.15,10.77679
112.2,13.64303
112.25,17.66011
112.3,24.82003
112.35,34.72065
112.4,46.36744
112.45,55.63638
112.5,68.22185
112.55,80.26968
112.6,92.70188
112.65,102.6548
112.7,108.7927
112.75,112.841
112.8,116.3274
112.85,123.5771
112.9,131.8708
112.95,143.1654
113,148.2803
113.05,147.1051
113.1,137.8954
113.15,124.6761
113.2,112.588
113.25,102.3741
113.3,93.61526
113.35,85.48186
113.4,77.78677
113.45,69.7167
113.5,62.11479
113.55,53.73997
113.6,45.2615
113.65,38.03212
113.7,32.52309
113.75,28.90689
113.8,27.45017
113.85,25.79766
113.9,22.17182
113.95,18.11625
114,14.12181
114.05,12.48414
114.1,11.34702
114.15,11.48648
114.2,10.77429
114.25,9.486396
114.3,9.053245
114.35,9.712931
114.4,10.27199
114.45,9.64606
114.5,9.216833
114.55,8.034728
114.6,7.462153
114.65,7.448787
114.7,7.221989
114.75,6.703845
114.8,5.372368
114.85,4.839616
114.9,4.538067
114.95,4.222474
115,4.353099
115.05,4.882546
115.1,5.07163
115.15,4.675381
115.2,4.38429
115.25,3.98316
115.3,4.349936
115.35,5.055806
115.4,5.535696
115.45,5.664509
115.5,5.344695
115.55,4.782042
115.6,4.308462
115.65,3.649246
115.7,2.62657
115.75,2.098042
115.8,2.053413
115.85,2.068089
115.9,2.546444
115.95,2.949578
116,2.995053
116.05,2.960371
116.1,2.914192
116.15,2.554642
116.2,2.140287
116.25,1.901995
116.3,1.971121
116.35,2.075375
116.4,2.301579
116.45,2.02051
116.5,1.782483
116.55,1.357932
116.6,1.227288
116.65,1.141727
116.7,0.9611192
116.75,1.025947
116.8,0.6743473
116.85,0.6334103
116.9,0.378918
116.95,0.3488059
117,0.2963569
117.05,0.3807743
117.1,0.554742
117.15,0.271272
117.2,0.4540572
117.25,0.8690902
117.3,1.279937
117.35,1.396583
117.4,1.010755
117.45,0.4807905
117.5,-0.0475261
117.55,-0.2202683
117.6,-0.1453004
117.65,0.2232444
117.7,0.3818304
117.75,0.5072899
117.8,0.8818067
117.85,0.6074974
117.9,0.2639972
117.95,-0.1018688
118,-5.198688E-02
118.05,1.356168
118.1,2.718987
118.15,2.955604
118.2,2.057248
118.25,0.7628418
118.3,-0.6644742
118.35,-0.8841021
118.4,-0.3674369
118.45,-5.496346E-02
118.5,0.3284213
118.55,0.329419
118.6,-9.566231E-02
118.65,-0.4705683
118.7,-0.5210657
118.75,-0.4816429
118.8,-0.3945961
118.85,-0.2567513
118.9,-4.864474E-02
118.95,0.1410367
119,0.2030112
119.05,8.100881E-02
119.1,-0.2198625
119.15,-0.4719183
119.2,-0.5176901
119.25,-0.5747994
119.3,-0.824508
119.35,-0.930479
119.4,-0.7851737
119.45,-0.6133541
119.5,-0.3732222
119.55,0.2682146
119.6,0.7581254
119.65,0.6810189
119.7,0.310896
119.75,-0.2822145
119.8,-0.8086885
119.85,-0.9426954
119.9,-0.6263617
119.95,-0.3715742
120,-0.295816
120.05,-0.11369
120.1,-9.182162E-02
120.15,-0.3103372
120.2,-0.4380971
120.25,-0.4992628
120.3,-0.3266531
120.35,-0.2762187
120.4,-0.2949814
120.45,-0.5374562
120.5,-0.6396291
120.55,-0.6095845
120.6,-0.4214448
120.65,-0.3122661
120.7,-0.3315613
120.75,-0.2012708
120.8,-7.447947E-02
120.85,-0.1287247
120.9,-0.4416704
120.95,-0.6097033
121,-0.8209456
121.05,-0.915988
121.1,-0.8993316
121.15,-0.9121249
121.2,-1.064612
121.25,-1.054913
121.3,-0.8173875
121.35,-0.6528759
121.4,-0.5551912
121.45,-0.4785131
121.5,-0.6056114
121.55,-0.739722
121.6,-0.7069157
121.65,-0.652976
121.7,-0.6842055
121.75,-0.7579727
121.8,-0.673157
121.85,-0.5577017
121.9,-0.3774886
121.95,-0.4208655
122,-0.6005206
122.05,-0.6872618
122.1,-0.7882504
122.15,-0.8109668
122.2,-0.8766869
122.25,-1.066615
122.3,-1.303413
122.35,-1.073205
122.4,-0.8037691
122.45,-0.5641816
122.5,-0.2729062
122.55,-0.2065244
122.6,-0.5411356
122.65,-0.9690043
122.7,-0.8595886
122.75,-0.9016014
122.8,-0.9203336
122.85,-0.7366408
122.9,-0.6443452
122.95,-0.7158839
123,-0.9031754
123.05,-0.8275964
123.1,-0.898635
123.15,-0.7669603
123.2,-0.444473
123.25,-0.4262217
123.3,-0.5788099
123.35,-0.8165806
123.4,-0.7213455
123.45,-0.5979115
123.5,-0.5165874
123.55,-0.4951001
123.6,-0.6775669
123.65,-0.796345
123.7,-1.052374
123.75,-1.071609
123.8,-1.034142
123.85,-1.050754
123.9,-0.8375899
123.95,-0.5313533
124,-0.3972271
124.05,-0.6897473
124.1,-0.792299
124.15,-0.8706312
124.2,-0.7955995
124.25,-0.5161033
124.3,-0.3189261
124.35,-0.4109905
124.4,-0.5569317
124.45,-0.5540361
124.5,-0.7998554
124.55,-1.04501
124.6,-1.134671
124.65,-1.06987
124.7,-1.06987
124.75,-1.06987
124.8,-1.06987
124.85,-1.06987
124.9,-1.06987
124.95,-1.06987
125,-1.06987
125.05,-1.06987
125.1,-1.06987
125.15,-1.06987
125.2,-1.06987
125.25,-1.06987
125.3,-1.06987
125.35,-1.06987
125.4,-1.06987
125.45,-1.06987
125.5,-1.06987
125.55,-1.06987
125.6,-1.06987
125.65,-1.06987
125.7,-1.06987
125.75,-1.06987
125.8,-1.06987
125.85,-1.06987
125.9,-1.06987
125.95,-1.06987
126,-1.06987
126.05,-1.06987
126.1,-1.06987
126.15,-1.06987
126.2,-1.06987
126.25,-1.06987
126.3,-1.06987
126.35,-1.06987
126.4,-1.06987
126.45,-1.06987
126.5,-1.06987
126.55,-1.06987
126.6,-1.06987
126.65,-1.06987
126.7,-1.06987
126.75,-1.06987
126.8,-1.06987
126.85,-1.06987
126.9,-1.06987
126.95,-1.06987
127,-1.06987
127.05,-1.06987
127.1,-1.06987
127.15,-1.06987
127.2,-1.06987
127.25,-1.06987
127.3,-1.06987
127.35,-1.06987
127.4,-1.06987
127.45,-1.06987
127.5,-1.06987
127.55,-1.06987
127.6,-1.06987
127.65,-1.06987
127.7,-1.06987
127.75,-1.06987
127.8,-1.06987
127.85,-1.06987
127.9,-1.06987
127.95,-1.06987
128,-1.06987
128.05,-1.06987
128.1,-1.06987
128.15,-1.06987
128.2,-1.06987
128.25,-1.06987
128.3,-1.06987
128.35,-1.06987
128.4,-1.06987
128.45,-1.06987
128.5,-1.06987
128.55,-1.06987
128.6,-1.06987
128.65,-1.06987
128.7,-1.06987
128.75,-1.06987
128.8,-1.06987
128.85,-1.06987
128.9,-1.06987
128.95,-1.06987
129,-1.06987
129.05,-1.06987
129.1,-1.06987
129.15,-1.06987
129.2,-1.06987
129.25,-1.06987
129.3,-1.06987
129.35,-1.06987
129.4,-1.06987
129.45,-1.06987
129.5,-1.06987
129.55,-1.06987
129.6,-1.06987
129.65,-1.06987
129.7,-1.06987
129.75,-1.06987
129.8,-1.06987
129.85,-1.06987
129.9,-1.06987
129.95,-1.06987
130,-1.06987
130.05,-1.06987
130.1,-1.06987
130.15,-1.06987
130.2,-1.06987
130.25,-1.06987
130.3,-1.06987
130.35,-1.06987
130.4,-1.06987
130.45,-1.06987
130.5,-1.06987
130.55,-1.06987
130.6,-1.06987
130.65,-1.06987
130.7,-1.06987
130.75,-1.06987
130.8,-1.06987
130.85,-1.06987
130.9,-1.06987
130.95,-1.06987
131,-1.06987
131.05,-1.06987
131.1,-1.06987
131.15,-1.06987
131.2,-1.06987
131.25,-1.06987
131.3,-1.06987
131.35,-1.06987
131.4,-1.06987
131.45,-1.06987
131.5,-1.06987
131.55,-1.06987
131.6,-1.06987
131.65,-1.06987
131.7,-1.06987
131.75,-1.06987
131.8,-1.06987
131.85,-1.06987
131.9,-1.06987
131.95,-1.06987
132,-1.06987
132.05,-1.06987
132.1,-1.06987
132.15,-1.06987
132.2,-1.06987
132.25,-1.06987
132.3,-1.06987
132.35,-1.06987
132.4,-1.06987
132.45,-1.06987
132.5,-1.06987
132.55,-1.06987
132.6,-1.06987
132.65,-1.06987
132.7,-1.06987
132.75,-1.06987
132.8,-1.06987
132.85,-1.06987
132.9,-1.06987
132.95,-1.06987
133,-1.06987
133.05,-1.06987
133.1,-1.06987
133.15,-1.06987
133.2,-1.06987
133.25,-1.06987
133.3,-1.06987
133.35,-1.06987
133.4,-1.06987
133.45,-1.06987
133.5,-1.06987
133.55,-1.06987
133.6,-1.06987
133.65,-1.06987
133.7,-1.06987
133.75,-1.06987
133.8,-1.06987
133.85,-1.06987
133.9,-1.06987
133.95,-1.06987
134,-1.06987
134.05,-1.06987
134.1,-1.06987
134.15,-1.06987
134.2,-1.06987
134.25,-1.06987
134.3,-1.06987
134.35,-1.06987
134.4,-1.06987
134.45,-1.06987
134.5,-1.06987
134.55,-1.06987
134.6,-1.06987
134.65,-1.06987
134.7,-1.06987
134.75,-1.06987
134.8,-1.06987
134.85,-1.06987
134.9,-1.06987
134.95,-1.06987
135,-1.06987
135.05,-1.06987
135.1,-1.06987
135.15,-1.06987
135.2,-1.06987
135.25,-1.06987
135.3,-1.06987
135.35,-1.06987
135.4,-1.06987
135.45,-1.06987
135.5,-1.06987
135.55,-1.06987
135.6,-1.06987
135.65,-1.06987
135.7,-1.06987
135.75,-1.06987
135.8,-1.06987
135.85,-1.06987
135.9,-1.06987
135.95,-1.06987
136,-1.06987
136.05,-1.06987
136.1,-1.06987
136.15,-1.06987
136.2,-1.06987
136.25,-1.06987
136.3,-1.06987
136.35,-1.06987
136.4,-1.06987
136.45,-1.06987
136.5,-1.06987
136.55,-1.06987
136.6,-1.06987
136.65,-1.06987
136.7,-1.06987
136.75,-1.06987
136.8,-1.06987
136.85,-1.06987
136.9,-1.06987
136.95,-1.06987
137,-1.06987
137.05,-1.06987
137.1,-1.06987
137.15,-1.06987
137.2,-1.06987
137.25,-1.06987
137.3,-1.06987
137.35,-1.06987
137.4,-1.06987
137.45,-1.06987
137.5,-1.06987
137.55,-1.06987
137.6,-1.06987
137.65,-1.06987
137.7,-1.06987
137.75,-1.06987
137.8,-1.06987
137.85,-1.06987
137.9,-1.06987
137.95,-1.06987
138,-1.06987
 
Alignment,On
